{"cameraMode":{"drawMode":0,"name":"Shaded","section":"Shading Mode"},"sceneLighting":false,"audioPlay":false,"sceneViewState":{"showFog":true,"showMaterialUpdate":false,"showSkybox":true,"showFlares":true,"showImageEffects":true,"showParticleSystems":true},"in2DMode":false,"pivot":{"x":2.9707887172698976,"y":4.4130682945251469,"z":-1.2880971431732178},"rotation":{"x":-0.4612540304660797,"y":0.029266029596328737,"z":0.015223782509565354,"w":0.886656641960144},"size":7.497659683227539,"orthographic":false}